Campo,Valor
PatientID,C3L-01038
PatientName,C3L-01038
StudyUID,1.3.6.1.4.1.14519.5.2.1.2692.1975.466281579415888402964581942992
StudyDescription,ABDOMEN
StudyDate,20111031
Modality,CT
